,title,subhed,url
0, France's public finance crisis in 13 graphs  ,Is it really so urgent to tackle France's public debt issue? Here are the key figures you need to know to have an informed debate about public finances.,https://www.lemonde.fr/en/les-decodeurs/article/2026/10/01/how-much-does-france-s-debt-cost-how-do-deficits-arise-13-graphs-to-understand-france-s-public-finance-crisis_6758129_8.html
1,"AI to emit six times more CO₂ in 2030 than in 2025, experts warn",,https://www.lemonde.fr/en/pixels/article/2026/10/01/ai-to-emit-six-times-more-co-in-2030-than-in-2025-experts-warn_6758128_13.html
2,US Supreme Court clears way for Tennessee woman's imminent execution,,https://www.lemonde.fr/en/international/article/2026/10/01/us-supreme-court-clears-way-for-tennessee-woman-s-imminent-execution_6758127_4.html
3,Macron calls antisemitic allegations against Bardella 'extremely serious',"The French president was addressing allegations that the far-right leader made antisemitic remarks in 2013. Jordan Bardella hit back, stating that he had marched at a rally against antisemitism in Paris following the October 2023 Hamas attacks on Israel, unlike Macron.",https://www.lemonde.fr/en/politics/article/2026/09/30/macron-calls-antisemitic-allegations-against-bardella-extremely-serious_6758118_5.html
4,Watchdog clears former US Fed chief Powell in renovation probe,"The US Federal Reserve's Office of the Inspector General found no 'reasonable grounds' to justify criminal charges against the institution's former chair, according to a report published on Wednesday. The US president demands that Powell should be 'forced to resign' or 'sued, at the highest level.'",https://www.lemonde.fr/en/international/article/2026/10/01/watchdog-clears-former-us-fed-chief-powell-in-renovation-probe_6758125_4.html
5,"After Marseille's Old Port roundup is recognized as a crime against humanity, victims express relief: 'This is the end of collective indifference'","After a seven-year investigation prompted by victims’ campaigning, France’s National anti-terrorism prosecutor’s office has formally classified the joint Nazi and Vichy operation that affected 20,000 Marseille residents in January 1943.",https://www.lemonde.fr/en/france/article/2026/10/01/after-marseille-s-old-port-roundup-is-recognized-as-a-crime-against-humanity-victims-express-relief-this-is-the-end-of-collective-indifference_6758123_7.html
6,From Macron's original promise to the unraveling of an ideal,"'The Macron Years' (1/3). After ten years in power, Macron's movement, which emerged as an attractive mirage amid the barren political landscape of 2017, has turned into a fiasco. Those close to the president, who experienced their movement's self-dissolution firsthand, bitterly examine their track record, something Macron refuses to discuss.",https://www.lemonde.fr/en/politics/article/2026/09/30/from-macron-s-original-promise-to-the-unraveling-of-an-ideal_6758119_5.html
7,How Jordan Bardella's political youth was shaped by antisemitic ideology,,https://www.lemonde.fr/en/politics/article/2026/09/30/how-jordan-bardella-s-political-youth-was-shaped-by-antisemitic-ideology_6758113_5.html
8,Argentinian President Javier Milei seeks investors to support a struggling economy,,https://www.lemonde.fr/en/international/article/2026/10/01/argentinian-president-javier-milei-seeks-investors-to-support-a-struggling-economy_6758126_4.html
9,What we know about the attempted hijacking of a Flydubai flight to Tel Aviv,,https://www.lemonde.fr/en/international/article/2026/09/30/what-we-know-about-the-attempted-hijacking-of-a-flydubai-flight-to-tel-aviv_6758116_4.html
10,Tracking methane leaks to slow global warming: European regulation project weakened by France's reversal,,https://www.lemonde.fr/en/environment/article/2026/09/30/tracking-methane-leaks-to-slow-global-warming-european-regulation-project-weakened-by-france-s-reversal_6758122_114.html
11,South Korea to invest $200 billion in US energy,,https://www.lemonde.fr/en/economy/article/2026/10/01/south-korea-to-invest-200-billion-in-us-energy_6758124_19.html
12,Ronaldo leaves Portugal training camp after being benched during match with Norway,,https://www.lemonde.fr/en/sports/article/2026/09/30/ronaldo-leaves-portugal-training-camp-after-being-benched-during-match-with-norway_6758121_9.html
13,Paris suburbs students speak out about injustice amid school blockades,,https://www.lemonde.fr/en/france/article/2026/09/30/paris-suburbs-students-speak-out-about-injustice-amid-school-blockades_6758103_7.html
14,"France faces historic purchasing power crisis: Since 2024, families have lost €1,200/year on average",,https://www.lemonde.fr/en/economy/article/2026/09/30/france-faces-historic-purchasing-power-crisis-since-2024-families-have-lost-1-200-year-on-average_6758101_19.html
15,UK PM Burnham says Iran 'played a part' in airbase incident,,https://www.lemonde.fr/en/international/article/2026/09/30/uk-pm-burnham-suggests-iran-involved-in-airbase-incident_6758117_4.html
16,Six smugglers convicted in France over deadliest Channel migrant crossing,,https://www.lemonde.fr/en/france/article/2026/09/30/six-smugglers-convicted-in-france-over-deadliest-channel-migrant-crossing_6758120_7.html
17,Macron says 'welcome back' after Burnham floats UK return to EU,,https://www.lemonde.fr/en/international/article/2026/09/30/macron-says-welcome-back-after-burnham-floats-uk-return-to-eu_6758109_4.html
18,"In 'A Man of His Time,' Swann Arlaud plays a zealous minor civil servant under the Vichy regime",,https://www.lemonde.fr/en/culture/article/2026/09/30/in-a-man-of-his-time-swann-arlaud-plays-a-zealous-minor-civil-servant-under-the-vichy-regime_6758095_30.html
19,'France's debt and economy are clearly taking on Italian characteristics',"What threatens France is not so much the risk of bankruptcy as the prospect of a slow decline similar to Italy's trajectory since the 1980s, writes Le Monde journalist Eric Albert in his column.",https://www.lemonde.fr/en/opinion/article/2026/09/30/france-s-debt-and-economy-are-clearly-taking-on-italian-characteristics_6758097_23.html
20,"Morocco appoints its first woman prime minister, Fatima Ezzahra El Mansouri","Nearly a week after her party, the Authenticity and Modernity Party (PAM), won the parliamentary elections, the mayor of Marrakech was named Morocco's prime minister on September 29.",https://www.lemonde.fr/en/international/article/2026/09/29/morocco-appoints-its-first-woman-prime-minister-fatima-ezzahra-el-mansouri_6758088_4.html
21,Are protest movements a boon for the French left?,"France's left-wing parties are hesitating on how to best engage with protests, aiming to drive social debate without appearing opportunistic.",https://www.lemonde.fr/en/politics/article/2026/09/29/are-protest-movements-a-boon-for-the-french-left_6758075_5.html
22,France's presidential hopefuls can no longer ignore the country's debt,,https://www.lemonde.fr/en/opinion/article/2026/09/30/france-s-presidential-hopefuls-can-no-longer-ignore-the-country-s-debt_6758105_23.html
23,"Leïla Slimani: 'What can kill literature is not robots, but our lack of humanity'",,https://www.lemonde.fr/en/opinion/article/2026/09/29/leila-slimani-writer-what-can-kill-literature-is-not-robots-but-our-lack-of-humanity_6758059_23.html
24,'Greenland's ability to choose its industrial and financial partners is now subject to Washington's approval',,https://www.lemonde.fr/en/opinion/article/2026/09/29/greenland-s-ability-to-choose-its-industrial-and-financial-partners-is-now-subject-to-washington-s-approval_6758055_23.html
